Workbook

Sheet employees
A1: employee_id | B1: first_name | C1: last_name | D1: gender | E1: date_of_birth | F1: hire_date | G1: department_id | H1: job_id | I1: salary | J1: manager_id | K1: Department Name | L1: Job Title
A2: 1 | B2: Rahul | C2: Sharma | D2: Male | E2: 34829 | F2: 44576 | G2: 2 | H2: 2 | I2: 75000 | J2: NULL | K2: =_xlfn.XLOOKUP(G2,department!A:A,department!B:B) -> IT | L2: =_xlfn.XLOOKUP(H2,jobs!A:A,jobs!B:B) -> Software Developer
A3: 2 | B3: Priya | C3: Verma | D3: Female | E3: 35266 | F3: 44265 | G3: 1 | H3: 1 | I3: 60000 | J3: NULL | K3: =_xlfn.XLOOKUP(G3,department!A:A,department!B:B) -> HR | L3: =_xlfn.XLOOKUP(H3,jobs!A:A,jobs!B:B) -> HR manager
A4: 3 | B4: Amit | C4: Singh | D4: Male | E4: 34592 | F4: 44962 | G4: 2 | H4: 2 | I4: 72000 | J4: 1 | K4: =_xlfn.XLOOKUP(G4,department!A:A,department!B:B) -> IT | L4: =_xlfn.XLOOKUP(H4,jobs!A:A,jobs!B:B) -> Software Developer
A5: 4 | B5: Neha | C5: Kapoor | D5: Female | E5: 35532 | F5: 44730 | G5: 3 | H5: 3 | I5: 50000 | J5: NULL | K5: =_xlfn.XLOOKUP(G5,department!A:A,department!B:B) -> Finance | L5: =_xlfn.XLOOKUP(H5,jobs!A:A,jobs!B:B) -> Accountant
A6: 5 | B6: Rohan | C6: Gupta | D6: Male | E6: 34298 | F6: 44053 | G6: 4 | H6: 4 | I6: 45000 | J6: NULL | K6: =_xlfn.XLOOKUP(G6,department!A:A,department!B:B) -> sales | L6: =_xlfn.XLOOKUP(H6,jobs!A:A,jobs!B:B) -> Sales Executive
A9: Perform Analysis | H9: Job Role Distribution
A11: Row Labels | B11: Sum of employee_id
A12: Finance | B12: 4
A13: HR | B13: 2
A14: IT | B14: 4
A15: sales | B15: 5
A16: Grand Total | B16: 15
A23: Average Salary by Department
A25: Row Labels | B25: Average of salary
A26: Finance | B26: 50000
A27: HR | B27: 60000
A28: IT | B28: 73500
A29: sales | B29: 45000
A30: Grand Total | B30: 60400

Sheet attendance (2)
A1: attendance_id | B1: employee_id | C1: attendance_date | D1: status | E1: Employee Name
A2: 1 | B2: 1 | C2: 45292 | D2: Present | E2: =_xlfn.XLOOKUP(B2,employees!A:A,employees!B:B) -> Rahul
A3: 2 | B3: 1 | C3: 45293 | D3: Present | E3: =_xlfn.XLOOKUP(B3,employees!A:A,employees!B:B) -> Rahul
A4: 3 | B4: 2 | C4: 45292 | D4: Absent | E4: =_xlfn.XLOOKUP(B4,employees!A:A,employees!B:B) -> Priya
A5: 4 | B5: 3 | C5: 45292 | D5: Present | E5: =_xlfn.XLOOKUP(B5,employees!A:A,employees!B:B) -> Amit
A6: 5 | B6: 4 | C6: 45292 | D6: Present | E6: =_xlfn.XLOOKUP(B6,employees!A:A,employees!B:B) -> Neha
A7: 6 | B7: 5 | C7: 45292 | D7: Absent | E7: =_xlfn.XLOOKUP(B7,employees!A:A,employees!B:B) -> Rohan

Sheet performance_reviews
A1: review_id | B1: employee_id | C1: review_date | D1: rating | E1: comments | F1: Employee Name
A2: 1 | B2: 1 | C2: 45301 | D2: 5 | E2: Excellent performance | F2: =_xlfn.XLOOKUP(B2,employees!A:A,employees!B:B) -> Rahul
A3: 2 | B3: 2 | C3: 45303 | D3: 4 | E3: Very good | F3: =_xlfn.XLOOKUP(B3,employees!A:A,employees!B:B) -> Priya
A4: 3 | B4: 3 | C4: 45306 | D4: 3 | E4: Average | F4: =_xlfn.XLOOKUP(B4,employees!A:A,employees!B:B) -> Amit
A5: 4 | B5: 4 | C5: 45309 | D5: 4 | E5: Good work | F5: =_xlfn.XLOOKUP(B5,employees!A:A,employees!B:B) -> Neha
A6: 5 | B6: 5 | C6: 45311 | D6: 2 | E6: Needs improvement | F6: =_xlfn.XLOOKUP(B6,employees!A:A,employees!B:B) -> Rohan

Sheet department
A1: department_id | B1: department_name | C1: location
A2: 1 | B2: HR | C2: Delhi
A3: 2 | B3: IT | C3: Bangalore
A4: 3 | B4: Finance | C4: Pune
A5: 4 | B5: sales | C5: Mumbai
A6: 5 | B6: Marketing | C6: Gurgaon

Sheet jobs
A1: job_id | B1: job_title | C1: job_type | D1: min_salary | E1: max_salary
A2: 1 | B2: HR manager | C2: Full time | D2: 20000 | E2: 80000
A3: 2 | B3: Software Developer | C3: Full time | D3: 50000 | E3: 120000
A4: 3 | B4: Accountant | C4: Full time | D4: 35000 | E4: 70000
A5: 4 | B5: Sales Executive | C5: part time | D5: 0 | E5: 60000
A6: 5 | B6: Marketing Specialist | C6: part time | D6: 35000 | E6: 65000
